student_id,name,department,semester,attendance_pct,internal_marks,cp_ncp,previous_backlogs,risk_category
STU0001,Aryan Maharaj,CSE,1,60,44,CP,0,Moderate Risk
STU0002,Udant Dewan,AI&DS,1,67,7,CP,0,High Risk
STU0003,Gagan Sami,ECE,4,39,38,CP,0,High Risk
STU0004,Ayushman Chander,MECH,5,82,6,CP,0,High Risk
STU0005,Viraj Tiwari,EEE,2,56,64,CP,0,High Risk
STU0006,Rushil Saini,CSE,3,63,42,CP,0,Moderate Risk
STU0007,Saumya Mall,AI&DS,1,89,10,CP,0,High Risk
STU0008,Nathaniel Sami,AI&DS,7,64,23,CP,0,High Risk
STU0009,Arunima Dugal,ECE,6,95,84,CP,0,Low Risk
STU0010,Gayathri Chaudry,MECH,5,65,47,CP,0,Moderate Risk
STU0011,Lajita Chatterjee,CSE,5,53,66,CP,0,High Risk
STU0012,Hemangini Lalla,EEE,8,76,71,CP,1,Low Risk
STU0013,Tripti Yadav,CSE,2,40,49,CP,0,High Risk
STU0014,Kritika Brar,AI&DS,7,62,73,CP,2,High Risk
STU0015,Janaki Handa,MECH,1,51,78,CP,0,High Risk
STU0016,Chakradev Kari,EEE,6,67,72,CP,0,Moderate Risk
STU0017,Fariq Kaul,ECE,4,47,4,CP,0,High Risk
STU0018,Lajita Mall,ECE,6,67,13,CP,0,High Risk
STU0019,Janya Gaba,MECH,4,93,81,CP,0,Low Risk
STU0020,Isha Kadakia,CSE,5,72,51,CP,0,Moderate Risk
STU0021,Ekbal Garg,MECH,2,33,69,CP,4,High Risk
STU0022,Nihal Shere,ECE,4,48,77,CP,0,High Risk
STU0023,Anamika Kanda,ECE,3,53,97,CP,2,High Risk
STU0024,Daksh Karnik,AI&DS,3,38,90,CP,0,High Risk
STU0025,Diya Rattan,ECE,7,90,36,CP,1,High Risk
STU0026,Dominic Kakar,AI&DS,6,50,78,CP,0,High Risk
STU0027,Simon Tata,AI&DS,7,67,58,CP,1,Moderate Risk
STU0028,Tara Dhar,ECE,6,66,72,CP,0,Moderate Risk
STU0029,Liam Koshy,AI&DS,3,58,1,CP,0,High Risk
STU0030,Priya Rastogi,ECE,4,34,62,CP,0,High Risk
STU0031,Theodore Devi,CSE,7,45,56,CP,0,High Risk
STU0032,Gavin Batta,ECE,6,86,68,CP,1,Moderate Risk
STU0033,Michael Dutta,MECH,2,48,54,CP,0,High Risk
STU0034,Devansh Rajan,CSE,5,95,33,CP,0,High Risk
STU0035,Upadhriti Wadhwa,CSE,2,55,54,CP,0,High Risk
STU0036,Advay Contractor,MECH,2,89,58,CP,0,Moderate Risk
STU0037,Harini Choudhury,AI&DS,7,93,88,CP,0,Low Risk
STU0038,Radhika Dugar,MECH,4,85,86,CP,0,Low Risk
STU0039,Aarush Lall,MECH,2,81,74,CP,0,Low Risk
STU0040,Yashica Cherian,AI&DS,5,70,27,CP,3,High Risk
STU0041,Yashica Issac,AI&DS,6,44,42,CP,0,High Risk
STU0042,Kashvi Edwin,AI&DS,8,72,17,CP,0,High Risk
STU0043,Ekiya Suresh,ECE,1,45,93,CP,0,High Risk
STU0044,Isaac Patil,CSE,8,73,62,CP,0,Moderate Risk
STU0045,Wriddhish Bhardwaj,MECH,5,73,49,CP,0,Moderate Risk
STU0046,Farhan Chada,EEE,2,66,70,CP,0,Moderate Risk
STU0047,Ekapad Walia,CSE,1,75,64,CP,0,Moderate Risk
STU0048,Kabir Soman,CSE,4,71,32,CP,2,High Risk
STU0049,Alka Wable,ECE,3,53,90,CP,0,High Risk
STU0050,Siddharth Zacharia,AI&DS,1,83,44,CP,0,Moderate Risk
STU0051,Devika Rastogi,ECE,2,86,65,CP,0,Moderate Risk
STU0052,Raksha Varughese,AI&DS,2,63,69,CP,0,Moderate Risk
STU0053,Jai Kota,EEE,7,84,34,CP,1,High Risk
STU0054,Devansh Nigam,CSE,1,81,69,CP,0,Moderate Risk
STU0055,Victor Kannan,ECE,6,73,41,CP,0,Moderate Risk
STU0056,Ekavir Bhargava,ECE,4,84,65,CP,0,Moderate Risk
STU0057,Ekansh Balay,CSE,2,87,62,CP,2,High Risk
STU0058,Ekavir Varkey,ECE,5,77,58,CP,2,High Risk
STU0059,Arya Sunder,MECH,8,80,88,CP,1,Low Risk
STU0060,Kevin Solanki,ECE,7,39,71,CP,1,High Risk
STU0061,Urvashi Ray,MECH,6,85,89,CP,0,Low Risk
STU0062,Girindra Chatterjee,CSE,3,41,67,CP,1,High Risk
STU0063,Irya Sampath,MECH,3,83,88,CP,0,Low Risk
STU0064,Unni Bhagat,ECE,3,60,9,CP,0,High Risk
STU0065,Darsh Rau,AI&DS,3,94,61,CP,0,Moderate Risk
STU0066,Ikbal Kothari,EEE,2,92,44,CP,0,Moderate Risk
STU0067,Ranveer Yadav,EEE,6,62,77,CP,0,Moderate Risk
STU0068,Logan Sami,AI&DS,2,42,57,CP,2,High Risk
STU0069,Arya Shere,AI&DS,5,90,67,CP,0,Moderate Risk
STU0070,Faqid Savant,CSE,8,88,64,CP,0,Moderate Risk
STU0071,Chandresh Zachariah,EEE,4,77,50,CP,0,Moderate Risk
STU0072,Girik Khalsa,ECE,3,90,66,CP,0,Moderate Risk
STU0073,Niharika Sunder,EEE,3,83,47,CP,0,Moderate Risk
STU0074,Tanay Rattan,AI&DS,5,62,47,CP,0,Moderate Risk
STU0075,Nitesh Raghavan,ECE,5,60,80,CP,0,Moderate Risk
STU0076,Madhavi Lanka,ECE,5,57,21,CP,0,High Risk
STU0077,Bhavika Sampath,MECH,5,81,79,CP,0,Low Risk
STU0078,Mohammed Gupta,MECH,4,58,61,CP,2,High Risk
STU0079,Teerth Bhardwaj,CSE,6,57,97,CP,0,High Risk
STU0080,Dipta Bhandari,AI&DS,2,84,75,CP,0,Low Risk
STU0081,Vansha Thakkar,AI&DS,5,91,100,CP,1,Low Risk
STU0082,Dakshesh Trivedi,AI&DS,3,88,46,CP,0,Moderate Risk
STU0083,Quincy Biswas,MECH,3,80,89,CP,1,Low Risk
STU0084,Wahab Raval,AI&DS,4,58,50,CP,0,High Risk
STU0085,Yatin Baral,EEE,3,72,28,CP,0,High Risk
STU0086,Oni Virk,ECE,5,44,58,CP,0,High Risk
STU0087,Advika Jayaraman,CSE,2,67,99,CP,3,High Risk
STU0088,William Lanka,CSE,7,81,41,CP,3,High Risk
STU0089,Karan Mital,EEE,6,84,94,CP,0,Low Risk
STU0090,Diya Bora,AI&DS,6,87,69,CP,0,Moderate Risk
STU0091,Tara Chaudhry,CSE,3,77,66,CP,1,Moderate Risk
STU0092,Tanay Toor,ECE,8,72,99,CP,0,Moderate Risk
STU0093,Kevin Palla,CSE,1,67,86,CP,0,Moderate Risk
STU0094,Yash Pingle,CSE,2,63,71,CP,1,Moderate Risk
STU0095,Nakul Sarma,MECH,2,91,43,CP,0,Moderate Risk
STU0096,Abhiram Mistry,AI&DS,1,91,43,CP,0,Moderate Risk
STU0097,Krish Lalla,CSE,6,91,21,CP,0,High Risk
STU0098,Hredhaan Dugal,ECE,1,77,67,CP,0,Moderate Risk
STU0099,Baghyawati Kade,MECH,5,81,40,CP,3,High Risk
STU0100,Samar Lalla,CSE,6,53,59,CP,0,High Risk
STU0101,Zayan Behl,EEE,4,88,47,CP,0,Moderate Risk
STU0102,Pallavi Malhotra,ECE,1,81,100,CP,0,Low Risk
STU0103,Aarush Nath,CSE,6,73,18,CP,0,High Risk
STU0104,Adweta Edwin,EEE,1,76,14,CP,0,High Risk
STU0105,Prisha Andra,MECH,1,92,75,CP,0,Low Risk
STU0106,Faqid Dixit,ECE,3,79,89,CP,0,Low Risk
STU0107,Kala Divan,AI&DS,6,69,99,CP,0,Moderate Risk
STU0108,Joshua Barman,ECE,7,47,88,CP,1,High Risk
STU0109,Janya Baral,AI&DS,5,65,11,CP,0,High Risk
STU0110,Shivansh Krish,ECE,3,59,60,CP,0,High Risk
STU0111,Irya Ray,EEE,4,71,28,CP,0,High Risk
STU0112,Warjas Gaba,MECH,4,58,76,CP,0,High Risk
STU0113,Nitara Bakshi,CSE,1,57,70,CP,0,High Risk
STU0114,Gaurangi Sabharwal,AI&DS,3,73,58,CP,0,Moderate Risk
STU0115,Amara Dutta,MECH,2,59,27,CP,0,High Risk
STU0116,Lavanya Barad,AI&DS,8,78,36,CP,0,High Risk
STU0117,Tristan Iyengar,AI&DS,8,71,44,CP,1,Moderate Risk
STU0118,Inaya Mody,EEE,2,54,18,CP,0,High Risk
STU0119,Udant Bajwa,CSE,8,73,65,CP,0,Moderate Risk
STU0120,Mohini Narasimhan,MECH,1,36,56,CP,0,High Risk
STU0121,Ekaraj Mallick,MECH,3,92,56,CP,0,Moderate Risk
STU0122,Yashodhara Ratta,CSE,3,45,62,CP,0,High Risk
STU0123,Ayaan D’Alia,AI&DS,8,46,58,CP,1,High Risk
STU0124,Pranav Lanka,AI&DS,5,75,73,CP,0,Low Risk
STU0125,Ikbal Saraf,MECH,2,74,59,CP,0,Moderate Risk
STU0126,Dipta Sarin,AI&DS,8,48,67,CP,0,High Risk
STU0127,Lekha Gupta,CSE,2,54,1,CP,0,High Risk
STU0128,Chaitanya Sarin,AI&DS,4,40,50,CP,0,High Risk
STU0129,Zinal Yohannan,MECH,1,58,59,CP,0,High Risk
STU0130,Januja Sankar,ECE,3,72,69,CP,1,Moderate Risk
STU0131,Ganga Murthy,CSE,1,82,79,CP,0,Low Risk
STU0132,Charita Tripathi,EEE,3,69,53,CP,3,High Risk
STU0133,Nilima Narain,AI&DS,4,68,74,CP,0,Moderate Risk
STU0134,Chakrika Datta,AI&DS,2,47,99,CP,0,High Risk
STU0135,Osha Raghavan,CSE,8,77,42,CP,1,Moderate Risk
STU0136,Charvi Ravi,ECE,4,76,86,CP,5,High Risk
STU0137,Daksha Mangat,MECH,5,70,32,CP,0,High Risk
STU0138,Qushi Nagy,EEE,5,85,56,CP,0,Moderate Risk
STU0139,Riya Sathe,MECH,6,72,71,CP,0,Moderate Risk
STU0140,Yasti Solanki,CSE,8,66,61,CP,0,Moderate Risk
STU0141,Frado Mander,AI&DS,4,43,80,CP,1,High Risk
STU0142,Girik Keer,MECH,6,56,70,CP,0,High Risk
STU0143,Umang Issac,MECH,1,93,68,CP,0,Moderate Risk
STU0144,Aryan Batra,ECE,2,36,48,CP,5,High Risk
STU0145,Vaishnavi Bora,CSE,4,49,96,CP,2,High Risk
STU0146,Oeshi Hayer,EEE,4,60,96,CP,0,Moderate Risk
STU0147,Warda Ratta,AI&DS,1,55,65,CP,0,High Risk
STU0148,Manbir Ahluwalia,CSE,2,82,57,CP,0,Moderate Risk
STU0149,Pavani Kanda,CSE,2,61,76,CP,1,Moderate Risk
STU0150,Zarna Shetty,MECH,4,64,78,CP,0,Moderate Risk
STU0151,Zaid Dara,EEE,7,94,53,CP,0,Moderate Risk
STU0152,Kiaan Shetty,MECH,1,80,73,CP,0,Low Risk
STU0153,Saanvi Thaman,MECH,8,82,65,CP,0,Moderate Risk
STU0154,Sanaya Dutt,CSE,1,92,44,CP,0,Moderate Risk
STU0155,Shivani Lad,MECH,1,88,5,CP,0,High Risk
STU0156,Aradhana Verma,MECH,7,93,9,CP,0,High Risk
STU0157,William Maharaj,MECH,5,84,98,CP,0,Low Risk
STU0158,Faras Mangal,EEE,5,86,78,CP,0,Low Risk
STU0159,Anita Nayak,CSE,2,77,48,CP,0,Moderate Risk
STU0160,Faris Devi,MECH,8,80,64,CP,0,Moderate Risk
STU0161,Vihaan Rajagopal,EEE,7,42,70,CP,0,High Risk
STU0162,Tanish Bhatt,MECH,1,72,66,CP,0,Moderate Risk
STU0163,Nikita Narayanan,ECE,2,75,48,CP,0,Moderate Risk
STU0164,Ojasvi Bhatia,AI&DS,1,69,49,CP,0,Moderate Risk
STU0165,Osha Ramachandran,CSE,7,69,58,CP,0,Moderate Risk
STU0166,Lajita Sood,MECH,8,95,54,CP,0,Moderate Risk
STU0167,Indira Misra,MECH,7,55,56,CP,0,High Risk
STU0168,Oni Yohannan,MECH,4,73,90,CP,0,Moderate Risk
STU0169,Vinaya Kanda,MECH,2,73,62,CP,2,High Risk
STU0170,Rajata Sunder,MECH,7,87,68,CP,0,Moderate Risk
STU0171,Lopa Nayar,EEE,2,55,45,CP,0,High Risk
STU0172,Noah Sibal,CSE,2,68,65,CP,0,Moderate Risk
STU0173,Avi Ramesh,EEE,3,67,58,CP,2,High Risk
STU0174,Fiyaz Sangha,EEE,4,88,89,CP,2,High Risk
STU0175,Triya Gopal,MECH,8,61,84,CP,0,Moderate Risk
STU0176,Abha Raghavan,CSE,1,92,93,CP,0,Low Risk
STU0177,Siddharth Sha,AI&DS,3,82,18,CP,0,High Risk
STU0178,Geetika Raghavan,EEE,5,77,72,CP,0,Low Risk
STU0179,Oviya Krishnan,ECE,4,75,91,CP,2,High Risk
STU0180,Upma Bahl,ECE,5,76,70,CP,0,Low Risk
STU0181,Inaya Kapur,CSE,1,90,56,CP,0,Moderate Risk
STU0182,Banjeet Balasubramanian,CSE,1,86,35,CP,0,High Risk
STU0183,Ryan Bahri,EEE,5,80,94,CP,0,Low Risk
STU0184,William Date,ECE,7,76,100,CP,0,Low Risk
STU0185,Ishwar Kamdar,EEE,1,65,48,CP,0,Moderate Risk
STU0186,Aahana Pillay,EEE,1,77,72,CP,0,Low Risk
STU0187,Ishwar Gade,CSE,3,55,35,CP,0,High Risk
STU0188,Hritik Bal,ECE,5,74,11,CP,0,High Risk
STU0189,Keya Ranganathan,ECE,6,56,98,CP,0,High Risk
STU0190,Faqid Kibe,ECE,6,57,80,CP,0,High Risk
STU0191,Charvi Dara,ECE,8,72,64,CP,0,Moderate Risk
STU0192,Idika Walia,CSE,1,64,79,CP,0,Moderate Risk
STU0193,Kamala Biswas,EEE,1,59,34,CP,0,High Risk
STU0194,Advik Salvi,AI&DS,1,44,52,CP,0,High Risk
STU0195,Hitesh Sant,AI&DS,5,68,60,CP,0,Moderate Risk
STU0196,Tripti Dua,AI&DS,2,76,16,CP,1,High Risk
STU0197,Patrick Vig,MECH,5,70,83,CP,2,High Risk
STU0198,Veda Shroff,EEE,5,44,59,CP,0,High Risk
STU0199,Amrita Naidu,EEE,3,74,57,CP,0,Moderate Risk
STU0200,Gabriel Mallick,CSE,6,49,78,CP,0,High Risk
STU0201,Yagnesh Shetty,ECE,3,86,55,CP,0,Moderate Risk
STU0202,Gayathri Balakrishnan,CSE,3,62,45,CP,0,Moderate Risk
STU0203,Ekta Gopal,MECH,1,83,24,CP,0,High Risk
STU0204,Simon Pant,EEE,6,73,78,CP,0,Moderate Risk
STU0205,Harini Mammen,CSE,3,86,94,CP,1,Low Risk
STU0206,Advaith Varughese,CSE,8,74,59,CP,0,Moderate Risk
STU0207,Frederick Khurana,ECE,5,57,38,CP,0,High Risk
STU0208,Vrinda Khosla,EEE,4,82,100,CP,0,Low Risk
STU0209,Vritti Sem,AI&DS,1,89,89,CP,0,Low Risk
STU0210,Girik Menon,CSE,2,78,51,CP,0,Moderate Risk
STU0211,Nidhi Kohli,ECE,7,73,45,CP,0,Moderate Risk
STU0212,Jyoti Solanki,CSE,1,72,55,CP,0,Moderate Risk
STU0213,Pavani Narayanan,EEE,2,62,59,CP,0,Moderate Risk
STU0214,Sudiksha Madan,CSE,2,80,3,CP,0,High Risk
STU0215,Zayan Kashyap,MECH,4,68,57,CP,0,Moderate Risk
STU0216,Reyansh Mutti,MECH,1,77,77,CP,0,Low Risk
STU0217,Qasim Handa,EEE,1,66,61,CP,0,Moderate Risk
STU0218,Veda Malhotra,ECE,2,56,29,CP,0,High Risk
STU0219,Harish Hari,CSE,1,80,33,CP,0,High Risk
STU0220,Utkarsh Patel,AI&DS,5,70,92,CP,0,Moderate Risk
STU0221,Chasmum Atwal,CSE,3,69,11,CP,0,High Risk
STU0222,Anusha Bath,AI&DS,3,76,53,CP,0,Moderate Risk
STU0223,Brinda Date,EEE,2,91,72,CP,0,Low Risk
STU0224,Harshil Arora,CSE,2,74,73,CP,2,High Risk
STU0225,Upasna Srinivas,EEE,2,81,4,CP,0,High Risk
STU0226,Harini Gour,ECE,7,64,65,CP,0,Moderate Risk
STU0227,Zayyan Sridhar,ECE,2,54,23,CP,0,High Risk
STU0228,Dhruv Rattan,MECH,4,73,79,CP,0,Moderate Risk
STU0229,Ethan Bera,AI&DS,3,93,55,CP,0,Moderate Risk
STU0230,Manthan Modi,MECH,5,82,72,CP,0,Low Risk
STU0231,Yuvraj Dani,EEE,4,41,50,CP,0,High Risk
STU0232,Upkaar Virk,CSE,5,71,78,CP,3,High Risk
STU0233,Shravya Savant,CSE,3,82,71,CP,0,Low Risk
STU0234,Pushti Mody,AI&DS,1,44,31,CP,0,High Risk
STU0235,Hardik Johal,CSE,4,54,55,CP,5,High Risk
STU0236,Aishani Bumb,AI&DS,4,53,50,CP,0,High Risk
STU0237,Wriddhish Ghose,EEE,5,43,71,CP,0,High Risk
STU0238,Naksh Agate,CSE,4,66,60,CP,2,High Risk
STU0239,Shravya Singhal,EEE,1,77,90,CP,0,Low Risk
STU0240,Bachittar Kata,MECH,1,78,38,CP,0,High Risk
STU0241,Barkha Setty,MECH,5,63,37,CP,0,High Risk
STU0242,Vivaan Lalla,MECH,4,37,47,CP,0,High Risk
STU0243,Pavani Contractor,MECH,2,99,30,CP,1,High Risk
STU0244,Manthan Lata,CSE,4,72,77,CP,0,Moderate Risk
STU0245,Ekbal Bhasin,EEE,7,75,65,CP,0,Moderate Risk
STU0246,Damyanti Mani,AI&DS,6,53,54,CP,0,High Risk
STU0247,Jeet Sidhu,ECE,8,75,75,CP,0,Low Risk
STU0248,Neha Magar,ECE,2,82,67,CP,0,Moderate Risk
STU0249,Raksha Buch,AI&DS,8,69,53,CP,0,Moderate Risk
STU0250,Rachana Naidu,MECH,8,83,85,CP,2,High Risk
STU0251,Atharv Chand,CSE,5,86,64,CP,0,Moderate Risk
STU0252,Ansh Luthra,AI&DS,7,60,69,CP,0,Moderate Risk
STU0253,Parth Singhal,AI&DS,1,68,88,CP,0,Moderate Risk
STU0254,Arunima Golla,MECH,7,89,53,CP,0,Moderate Risk
STU0255,Vyanjana Chand,ECE,3,46,51,CP,2,High Risk
STU0256,Ijaya Rege,EEE,6,51,56,CP,0,High Risk
STU0257,Ekani Cheema,ECE,6,69,63,CP,0,Moderate Risk
STU0258,Forum Sabharwal,ECE,7,72,77,CP,0,Moderate Risk
STU0259,Bhavya Rattan,EEE,2,50,60,CP,0,High Risk
STU0260,Suhani Chakrabarti,CSE,7,70,77,CP,0,Moderate Risk
STU0261,Zayyan Naik,ECE,2,32,59,CP,0,High Risk
STU0262,Netra Varkey,CSE,4,64,98,CP,0,Moderate Risk
STU0263,Turvi Sachdev,AI&DS,4,66,73,CP,4,High Risk
STU0264,Raghav Vasa,EEE,6,64,8,CP,0,High Risk
STU0265,Wishi Sathe,CSE,6,79,42,CP,0,Moderate Risk
STU0266,Samar Loke,EEE,6,54,75,CP,4,High Risk
STU0267,Bhavna Sarma,MECH,5,82,15,CP,0,High Risk
STU0268,Jairaj Balakrishnan,ECE,1,55,10,CP,0,High Risk
STU0269,Nathan Mukhopadhyay,AI&DS,3,83,62,CP,1,Moderate Risk
STU0270,Nikita Chander,ECE,2,85,11,CP,0,High Risk
STU0271,Ishaan Shenoy,EEE,3,66,53,CP,0,Moderate Risk
STU0272,Mitesh Tara,ECE,4,70,97,CP,0,Moderate Risk
STU0273,Yashodhara Mahajan,CSE,6,46,66,CP,0,High Risk
STU0274,Vasudha Sodhi,EEE,1,63,55,CP,0,Moderate Risk
STU0275,Tanmayi Dhillon,AI&DS,6,53,55,CP,0,High Risk
STU0276,Rayaan Trivedi,EEE,5,68,62,CP,0,Moderate Risk
STU0277,Ekaraj Majumdar,MECH,3,82,61,CP,0,Moderate Risk
STU0278,Harini Tripathi,AI&DS,5,68,28,CP,1,High Risk
STU0279,Aarnav Mandal,EEE,3,91,5,CP,0,High Risk
STU0280,Vrishti Dixit,EEE,3,80,77,CP,0,Low Risk
STU0281,Veda Pai,EEE,5,58,26,CP,0,High Risk
STU0282,Krishna Shah,MECH,8,49,75,CP,0,High Risk
STU0283,Ranbir Khare,AI&DS,2,88,64,CP,0,Moderate Risk
STU0284,Vivaan Roy,CSE,3,87,43,CP,1,Moderate Risk
STU0285,Eesha Solanki,EEE,5,78,70,CP,2,High Risk
STU0286,Libni Doshi,ECE,6,89,72,CP,0,Low Risk
STU0287,Balhaar Date,CSE,8,82,56,CP,0,Moderate Risk
STU0288,Harish Sarraf,AI&DS,4,69,85,CP,0,Moderate Risk
STU0289,Tanmayi Aurora,CSE,1,66,76,CP,0,Moderate Risk
STU0290,Nimrat Dubey,AI&DS,3,67,65,CP,4,High Risk
STU0291,Upasna Lanka,CSE,3,77,58,CP,0,Moderate Risk
STU0292,Mitali Buch,ECE,6,50,62,CP,1,High Risk
STU0293,Lajita Nadig,AI&DS,1,53,48,CP,0,High Risk
STU0294,Balendra Biswas,EEE,8,71,43,CP,0,Moderate Risk
STU0295,Bhavna Karan,AI&DS,2,75,63,CP,0,Moderate Risk
STU0296,Radha Chaudhari,ECE,5,74,40,CP,0,Moderate Risk
STU0297,Sachi Ganesan,AI&DS,3,89,1,CP,0,High Risk
STU0298,Ayush Batra,AI&DS,2,56,80,CP,0,High Risk
STU0299,Daksh Memon,MECH,7,72,70,CP,0,Moderate Risk
STU0300,Kavya Sankar,MECH,2,45,15,CP,0,High Risk
STU0301,Yash Wali,MECH,2,75,51,CP,0,Moderate Risk
STU0302,Pranit Garde,EEE,8,50,58,CP,0,High Risk
STU0303,Farhan Raja,ECE,4,59,44,CP,0,High Risk
STU0304,Widisha Dhar,MECH,7,67,86,CP,1,Moderate Risk
STU0305,Triya Kumar,AI&DS,6,55,37,CP,0,High Risk
STU0306,Aadhya Andra,EEE,4,47,55,CP,3,High Risk
STU0307,Bhavna Dugar,ECE,4,42,60,CP,2,High Risk
STU0308,Riya Pai,MECH,2,35,25,CP,2,High Risk
STU0309,Panini Krishna,EEE,6,65,59,CP,0,Moderate Risk
STU0310,Chasmum Issac,EEE,4,45,78,CP,0,High Risk
STU0311,Vasudha Chhabra,AI&DS,5,49,93,CP,0,High Risk
STU0312,Lakshmi Parmer,EEE,4,65,40,CP,0,Moderate Risk
STU0313,Chakrika Bains,AI&DS,1,41,76,CP,0,High Risk
STU0314,Anvi Anand,AI&DS,4,75,71,CP,2,High Risk
STU0315,Watika Mangat,EEE,2,96,70,CP,0,Low Risk
STU0316,Indira Kanda,AI&DS,7,72,70,CP,0,Moderate Risk
STU0317,Zashil Devan,CSE,3,77,99,CP,0,Low Risk
STU0318,Balveer More,CSE,5,59,79,CP,0,High Risk
STU0319,Bahadurjit Patla,CSE,4,53,80,CP,1,High Risk
STU0320,Gautam Merchant,MECH,1,77,4,CP,0,High Risk
STU0321,Ojasvi Gill,ECE,1,62,27,CP,0,High Risk
STU0322,Kevin Zacharia,MECH,4,75,62,CP,0,Moderate Risk
STU0323,Yachana Mahajan,AI&DS,2,63,77,CP,0,Moderate Risk
STU0324,Aarini Subramaniam,ECE,4,72,69,CP,0,Moderate Risk
STU0325,Hamsini Contractor,ECE,8,60,50,CP,1,Moderate Risk
STU0326,Faqid Dhaliwal,ECE,5,70,78,CP,2,High Risk
STU0327,Mekhala Pau,EEE,2,73,73,CP,1,Moderate Risk
STU0328,Megha Atwal,ECE,2,61,72,CP,2,High Risk
STU0329,Jatin Sha,EEE,6,56,89,CP,2,High Risk
STU0330,Adweta Raj,EEE,1,75,68,CP,0,Moderate Risk
STU0331,Hritik Kaur,CSE,5,72,62,CP,0,Moderate Risk
STU0332,Aryan Narang,EEE,6,48,61,CP,3,High Risk
STU0333,Dev Shetty,ECE,3,89,96,CP,0,Low Risk
STU0334,Nilima Dada,EEE,3,76,83,CP,0,Low Risk
STU0335,Chakradev Barad,ECE,4,79,86,CP,0,Low Risk
STU0336,Waida D’Alia,ECE,8,41,96,CP,0,High Risk
STU0337,Wahab Yogi,EEE,7,35,64,CP,2,High Risk
STU0338,Lipika Setty,EEE,2,95,76,CP,2,High Risk
STU0339,Oni Dubey,ECE,7,69,24,CP,0,High Risk
STU0340,Hardik Suri,MECH,5,79,11,CP,1,High Risk
STU0341,Ati Bali,AI&DS,5,55,73,CP,1,High Risk
STU0342,Teerth Sawhney,AI&DS,3,66,25,CP,0,High Risk
STU0343,Warinder Patil,ECE,1,65,49,CP,0,Moderate Risk
STU0344,Jhalak Parmer,EEE,2,79,12,CP,0,High Risk
STU0345,Mitali Majumdar,CSE,5,69,37,CP,2,High Risk
STU0346,Jason Sha,EEE,5,76,92,CP,0,Low Risk
STU0347,Simon Bail,ECE,8,70,80,CP,0,Moderate Risk
STU0348,Gauri Kohli,AI&DS,8,80,87,CP,1,Low Risk
STU0349,Samesh Biswas,AI&DS,7,46,52,CP,0,High Risk
STU0350,Tarak Kaul,AI&DS,1,83,87,CP,0,Low Risk
STU0351,Manbir Agate,AI&DS,4,53,95,CP,0,High Risk
STU0352,Maanav De,ECE,6,70,95,CP,1,Moderate Risk
STU0353,Owen Choudhary,MECH,1,67,78,CP,0,Moderate Risk
STU0354,Karan Aurora,MECH,5,62,9,CP,1,High Risk
STU0355,Wazir Naik,ECE,4,42,43,CP,0,High Risk
STU0356,Owen Lanka,CSE,8,45,82,CP,0,High Risk
STU0357,Jonathan Sama,ECE,6,81,94,CP,0,Low Risk
STU0358,Devansh Soni,MECH,3,88,43,CP,0,Moderate Risk
STU0359,Janaki Varghese,AI&DS,1,85,38,CP,0,High Risk
STU0360,Siya Thakur,MECH,4,79,41,CP,1,Moderate Risk
STU0361,Caleb Verma,EEE,4,79,53,CP,1,Moderate Risk
STU0362,Tara Balasubramanian,ECE,4,52,24,CP,0,High Risk
STU0363,Varenya Ratti,MECH,5,90,88,CP,0,Low Risk
STU0364,Hritik Swaminathan,CSE,5,68,62,CP,0,Moderate Risk
STU0365,Ethan Buch,CSE,3,58,42,CP,0,High Risk
STU0366,Manbir Bhatti,EEE,2,88,79,CP,0,Low Risk
STU0367,Anvi Nair,EEE,2,86,97,CP,0,Low Risk
STU0368,Chaitaly Setty,EEE,2,73,66,CP,0,Moderate Risk
STU0369,Hardik Contractor,MECH,4,42,53,CP,1,High Risk
STU0370,Qushi Seth,EEE,5,67,46,CP,1,Moderate Risk
STU0371,Odika Nori,MECH,2,57,85,CP,1,High Risk
STU0372,Mohini Sagar,CSE,4,92,65,CP,0,Moderate Risk
STU0373,Dhriti Sane,EEE,2,76,92,CP,0,Low Risk
STU0374,Aadhya Prasad,ECE,1,65,62,CP,0,Moderate Risk
STU0375,Urvi Bhavsar,CSE,2,80,78,CP,0,Low Risk
STU0376,Frederick Chander,ECE,7,63,81,CP,0,Moderate Risk
STU0377,Gopal Pradhan,ECE,8,49,96,CP,2,High Risk
STU0378,Darpan Narayan,AI&DS,5,66,51,CP,1,Moderate Risk
STU0379,Nirja Pandya,MECH,4,76,52,CP,0,Moderate Risk
STU0380,Charan Mani,MECH,4,82,71,CP,2,High Risk
STU0381,Indira Chawla,EEE,3,42,85,CP,0,High Risk
STU0382,Mohammed Subramaniam,AI&DS,8,74,45,CP,0,Moderate Risk
STU0383,Hritik Palla,ECE,3,83,71,CP,0,Low Risk
STU0384,Ishwar Mallick,MECH,8,76,66,CP,0,Moderate Risk
STU0385,Pushti Bal,EEE,2,79,78,CP,5,High Risk
STU0386,Ayush Gole,CSE,4,84,2,CP,1,High Risk
STU0387,Dayamai Nori,MECH,1,76,5,CP,0,High Risk
STU0388,Abeer Golla,CSE,2,69,20,CP,2,High Risk
STU0389,Nandini Boase,MECH,1,72,41,CP,0,Moderate Risk
STU0390,Azaan Chand,AI&DS,6,72,57,CP,1,Moderate Risk
STU0391,Krisha Saini,MECH,6,88,24,CP,0,High Risk
STU0392,Harita Dugar,ECE,2,72,89,CP,1,Moderate Risk
STU0393,Devika Nair,CSE,3,66,68,CP,0,Moderate Risk
STU0394,Charles Dugal,CSE,5,85,63,CP,0,Moderate Risk
STU0395,Chandran Bumb,MECH,4,43,6,CP,0,High Risk
STU0396,Saanvi Samra,MECH,5,63,84,CP,2,High Risk
STU0397,Riya Sachdeva,CSE,2,87,79,CP,0,Low Risk
STU0398,Tanveer Vala,CSE,8,77,58,CP,0,Moderate Risk
STU0399,Hemani Sani,CSE,2,84,7,CP,0,High Risk
STU0400,Bhanumati Sur,MECH,8,61,79,CP,1,Moderate Risk
STU0401,Chakradev Kannan,MECH,5,72,45,CP,1,Moderate Risk
STU0402,Christopher Amble,CSE,4,93,14,CP,0,High Risk
STU0403,Charvi Kakar,CSE,3,81,93,CP,3,High Risk
STU0404,Aadhya Mann,EEE,1,60,96,CP,0,Moderate Risk
STU0405,Jagdish Amble,ECE,3,90,59,CP,0,Moderate Risk
STU0406,Qushi Gill,CSE,6,61,43,CP,0,Moderate Risk
STU0407,Lajita Walia,ECE,3,81,33,CP,0,High Risk
STU0408,Xiti Pandya,CSE,1,90,49,CP,0,Moderate Risk
STU0409,Mekhala Basak,CSE,1,55,58,CP,0,High Risk
STU0410,Anirudh Sharaf,AI&DS,3,39,43,CP,0,High Risk
STU0411,Dhriti Sanghvi,EEE,7,36,43,CP,0,High Risk
STU0412,Omisha Mann,AI&DS,7,94,66,CP,0,Moderate Risk
STU0413,Nidhi Bail,ECE,1,61,63,CP,0,Moderate Risk
STU0414,Onveer Sharma,ECE,3,67,63,CP,0,Moderate Risk
STU0415,Gaurang Sarkar,ECE,6,70,75,CP,0,Moderate Risk
STU0416,Yagnesh Sarin,EEE,1,66,93,CP,0,Moderate Risk
STU0417,Farhan Randhawa,EEE,3,68,100,CP,0,Moderate Risk
STU0418,Harinakshi Kant,EEE,5,78,66,CP,3,High Risk
STU0419,Om Bose,EEE,2,78,79,CP,1,Low Risk
STU0420,Yashvi Hari,EEE,3,83,44,CP,2,High Risk
STU0421,Indali Divan,ECE,5,72,78,CP,0,Moderate Risk
STU0422,Harshil Dhingra,MECH,8,56,63,CP,1,High Risk
STU0423,Rudra Ghose,MECH,5,51,49,CP,0,High Risk
STU0424,Faqid Goel,MECH,6,45,96,CP,0,High Risk
STU0425,Ucchal Sen,AI&DS,4,88,78,CP,0,Low Risk
STU0426,Diya Dora,EEE,5,82,63,CP,0,Moderate Risk
STU0427,Ekansh Singh,ECE,5,64,62,CP,0,Moderate Risk
STU0428,Chavvi Maharaj,MECH,8,63,64,CP,0,Moderate Risk
STU0429,Indira Tripathi,EEE,2,80,79,CP,0,Low Risk
STU0430,Dayita Shenoy,EEE,3,81,77,CP,0,Low Risk
STU0431,Baljiwan Bhandari,CSE,4,61,83,CP,0,Moderate Risk
STU0432,Bhavini Bose,ECE,3,63,77,CP,0,Moderate Risk
STU0433,Yashica Rajagopalan,MECH,1,79,63,CP,0,Moderate Risk
STU0434,Benjamin Sengupta,EEE,1,78,11,CP,0,High Risk
STU0435,Ekanta Soni,CSE,5,53,88,CP,0,High Risk
STU0436,David Seshadri,AI&DS,2,73,88,CP,1,Moderate Risk
STU0437,Hemal Chad,ECE,2,76,60,CP,2,High Risk
STU0438,Balveer Kota,MECH,5,66,67,CP,0,Moderate Risk
STU0439,Reva Viswanathan,CSE,4,82,72,CP,0,Low Risk
STU0440,Januja Pradhan,MECH,1,77,71,CP,0,Low Risk
STU0441,Lila Rege,AI&DS,3,66,32,CP,1,High Risk
STU0442,Charles Natt,AI&DS,2,77,100,CP,0,Low Risk
STU0443,Forum Chandra,ECE,3,58,32,CP,0,High Risk
STU0444,Bhanumati Krishnan,AI&DS,3,74,74,CP,0,Moderate Risk
STU0445,Gauri Bumb,AI&DS,5,76,98,CP,0,Low Risk
STU0446,Inaya Mukherjee,EEE,1,62,62,CP,0,Moderate Risk
STU0447,Kai Chad,EEE,8,70,33,CP,3,High Risk
STU0448,Krisha Narasimhan,AI&DS,5,67,75,CP,0,Moderate Risk
STU0449,Girik Sampath,CSE,4,82,42,CP,0,Moderate Risk
STU0450,Andrew Patil,AI&DS,2,81,76,CP,0,Low Risk
STU0451,Pranit Kala,CSE,4,60,72,CP,0,Moderate Risk
STU0452,Vedika Handa,CSE,6,68,54,CP,0,Moderate Risk
STU0453,Laksh Dubey,ECE,2,98,52,CP,1,Moderate Risk
STU0454,Chakrika Chaudhuri,CSE,3,96,68,CP,0,Moderate Risk
STU0455,Gayathri Deep,AI&DS,5,85,74,CP,0,Low Risk
STU0456,Mitesh Gaba,ECE,6,83,99,CP,0,Low Risk
STU0457,Noah Sarma,EEE,5,53,90,CP,0,High Risk
STU0458,Nirja Patla,EEE,8,71,84,CP,0,Moderate Risk
STU0459,Sachi Mane,MECH,8,96,85,CP,0,Low Risk
STU0460,Vivaan Walla,ECE,2,78,93,CP,0,Low Risk
STU0461,Dayamai Singh,AI&DS,5,75,43,CP,0,Moderate Risk
STU0462,Jhalak Sastry,CSE,3,80,72,CP,0,Low Risk
STU0463,Baghyawati Raja,MECH,3,32,63,CP,0,High Risk
STU0464,Neel Iyengar,MECH,5,78,98,CP,0,Low Risk
STU0465,Zashil Ben,MECH,7,70,50,CP,0,Moderate Risk
STU0466,Kamya Chauhan,AI&DS,1,84,62,CP,0,Moderate Risk
STU0467,Bhavani Chacko,CSE,1,81,64,CP,0,Moderate Risk
STU0468,Anjali Sengupta,ECE,3,31,87,CP,5,High Risk
STU0469,Rajeshri Chand,ECE,7,61,89,CP,0,Moderate Risk
STU0470,Shravya Palla,EEE,2,65,86,CP,0,Moderate Risk
STU0471,Oeshi Bera,EEE,6,80,43,CP,0,Moderate Risk
STU0472,Yadavi Prakash,CSE,2,46,77,CP,0,High Risk
STU0473,Libni Bumb,CSE,1,63,34,CP,0,High Risk
STU0474,Udarsh Bala,ECE,4,57,24,CP,0,High Risk
STU0475,Hardik Nayak,EEE,7,51,65,CP,0,High Risk
STU0476,Laksh Barad,ECE,1,73,66,CP,0,Moderate Risk
STU0477,Urmi Dewan,MECH,3,56,74,CP,0,High Risk
STU0478,Saumya Ahluwalia,MECH,7,47,24,CP,0,High Risk
STU0479,Anirudh Kunda,MECH,3,67,68,CP,0,Moderate Risk
STU0480,Mason Wable,CSE,2,74,70,CP,1,Moderate Risk
STU0481,Indrajit Mani,CSE,7,77,57,CP,0,Moderate Risk
STU0482,William Saini,ECE,6,61,8,CP,0,High Risk
STU0483,Dev Choudhry,CSE,2,76,1,CP,4,High Risk
STU0484,Amol Varma,EEE,1,85,72,CP,0,Low Risk
STU0485,Maanas Manne,AI&DS,5,80,83,CP,0,Low Risk
STU0486,Aarav Pandit,CSE,1,56,93,CP,0,High Risk
STU0487,Omaja Grover,AI&DS,2,78,74,CP,0,Low Risk
STU0488,Jalsa Bir,CSE,5,72,23,CP,0,High Risk
STU0489,Madhavi Singhal,AI&DS,8,93,31,CP,0,High Risk
STU0490,Lila Prakash,CSE,2,68,88,CP,0,Moderate Risk
STU0491,Amol Parikh,CSE,8,49,62,CP,0,High Risk
STU0492,Hemani Khosla,ECE,1,78,66,CP,0,Moderate Risk
STU0493,Gaurangi Deol,MECH,8,71,69,CP,0,Moderate Risk
STU0494,Indira Nigam,ECE,6,86,64,CP,1,Moderate Risk
STU0495,Ucchal Srinivas,CSE,3,67,69,CP,0,Moderate Risk
STU0496,Krishna Bhatnagar,AI&DS,5,70,62,CP,0,Moderate Risk
STU0497,Balhaar Memon,AI&DS,2,52,79,CP,0,High Risk
STU0498,Caleb Iyengar,CSE,2,71,1,CP,0,High Risk
STU0499,Diya Mukherjee,MECH,3,88,22,CP,0,High Risk
STU0500,Urvashi Kulkarni,MECH,2,58,91,CP,0,High Risk
STU0501,Rayaan Mangal,CSE,4,50,62,CP,0,High Risk
STU0502,Champak Narula,AI&DS,8,91,15,CP,1,High Risk
STU0503,Jeet Pillai,EEE,3,73,7,CP,0,High Risk
STU0504,Mugdha Sarraf,EEE,6,58,56,CP,5,High Risk
STU0505,Harinakshi Grover,ECE,6,72,65,CP,0,Moderate Risk
STU0506,Widisha Pillai,MECH,1,72,61,CP,0,Moderate Risk
STU0507,Fitan Samra,EEE,1,76,90,CP,0,Low Risk
STU0508,Qushi Gole,CSE,2,94,42,CP,4,High Risk
STU0509,Ekani Chauhan,ECE,6,47,97,CP,0,High Risk
STU0510,Falak Merchant,EEE,4,80,77,CP,0,Low Risk
STU0511,Sanaya Sandhu,MECH,1,73,45,CP,0,Moderate Risk
STU0512,Sachi Panchal,ECE,2,84,93,CP,0,Low Risk
STU0513,Brijesh Pandit,EEE,3,60,7,CP,0,High Risk
STU0514,Anvi Bhandari,AI&DS,1,48,51,CP,0,High Risk
STU0515,Nidra Patla,MECH,1,64,75,CP,0,Moderate Risk
STU0516,Azaan Dhar,EEE,4,84,30,CP,1,High Risk
STU0517,Bakhshi Date,AI&DS,1,84,43,CP,0,Moderate Risk
STU0518,Warinder Peri,ECE,8,66,10,CP,0,High Risk
STU0519,Leela Bali,ECE,1,66,78,CP,0,Moderate Risk
STU0520,Shivani Prabhakar,ECE,1,48,64,CP,0,High Risk
STU0521,Sachi Bose,CSE,1,81,47,CP,0,Moderate Risk
STU0522,Jeevika Rao,MECH,3,76,79,CP,0,Low Risk
STU0523,Arya Krish,CSE,1,44,95,CP,0,High Risk
STU0524,Atharv Grewal,ECE,1,84,84,CP,0,Low Risk
STU0525,Zarna Ram,CSE,8,43,94,CP,1,High Risk
STU0526,Adweta Lad,MECH,4,65,52,CP,0,Moderate Risk
STU0527,Tanish Mangal,ECE,2,68,40,CP,0,Moderate Risk
STU0528,Ryan Das,ECE,5,70,96,CP,0,Moderate Risk
STU0529,Ethan Seth,EEE,3,67,77,CP,0,Moderate Risk
STU0530,Sai Chahal,AI&DS,6,95,72,CP,0,Low Risk
STU0531,Idika Bhattacharyya,MECH,3,73,49,CP,0,Moderate Risk
STU0532,Charita Dugar,EEE,5,39,89,CP,0,High Risk
STU0533,Janaki Trivedi,MECH,4,81,86,CP,0,Low Risk
STU0534,Jairaj Iyer,ECE,2,83,82,CP,1,Low Risk
STU0535,Warjas Tak,ECE,4,94,46,CP,0,Moderate Risk
STU0536,Jalsa Pillay,AI&DS,3,79,59,CP,0,Moderate Risk
STU0537,Kai Chadha,EEE,8,73,67,CP,1,Moderate Risk
STU0538,Dayamai Rao,MECH,4,54,2,CP,0,High Risk
STU0539,Nirja Rout,ECE,1,70,60,CP,0,Moderate Risk
STU0540,Jeremiah Nadig,ECE,6,63,31,CP,0,High Risk
STU0541,Shivani Shukla,ECE,4,88,77,CP,1,Low Risk
STU0542,Kabir Gopal,CSE,3,90,44,CP,0,Moderate Risk
STU0543,Rachita Thakkar,EEE,1,53,96,CP,0,High Risk
STU0544,Jeet Vasa,EEE,2,93,80,CP,1,Low Risk
STU0545,Daksha Gala,ECE,5,83,50,CP,0,Moderate Risk
STU0546,Ekantika Kar,CSE,8,91,59,CP,0,Moderate Risk
STU0547,Zilmil Mander,AI&DS,3,82,79,CP,0,Low Risk
STU0548,Zashil Hegde,MECH,1,80,51,CP,0,Moderate Risk
STU0549,Jeremiah Mitter,ECE,5,92,91,CP,0,Low Risk
STU0550,Yadavi Ganguly,EEE,2,78,44,CP,0,Moderate Risk
STU0551,Onveer Nazareth,CSE,3,79,94,CP,0,Low Risk
STU0552,Ayush Bumb,MECH,3,65,99,CP,0,Moderate Risk
STU0553,Alka Kade,ECE,2,45,90,CP,0,High Risk
STU0554,Azaan Tank,EEE,8,45,33,CP,0,High Risk
STU0555,Chasmum Subramanian,CSE,4,87,40,CP,4,High Risk
STU0556,Nidra Mishra,MECH,5,68,80,CP,2,High Risk
STU0557,Elijah Bhasin,ECE,1,63,94,CP,0,Moderate Risk
STU0558,Ria Sagar,AI&DS,6,79,50,CP,0,Moderate Risk
STU0559,Ucchal Jani,CSE,1,73,85,CP,0,Moderate Risk
STU0560,Maanas Munshi,CSE,3,67,60,CP,0,Moderate Risk
STU0561,Hemani Rastogi,CSE,1,53,43,CP,0,High Risk
STU0562,Kamala Varma,MECH,7,62,56,CP,2,High Risk
STU0563,Eiravati Khurana,EEE,1,72,33,CP,0,High Risk
STU0564,Jason Loke,EEE,2,42,49,CP,0,High Risk
STU0565,Yug Dhaliwal,EEE,4,52,64,CP,0,High Risk
STU0566,Chandresh Mannan,EEE,6,67,68,CP,0,Moderate Risk
STU0567,Omya Kothari,MECH,6,67,76,CP,0,Moderate Risk
STU0568,Falak Munshi,ECE,4,46,82,CP,0,High Risk
STU0569,Nathaniel Tara,AI&DS,6,77,64,CP,3,High Risk
STU0570,Wishi Morar,MECH,2,95,87,CP,0,Low Risk
STU0571,Arin Chana,MECH,1,77,45,CP,0,Moderate Risk
STU0572,Yashasvi Shankar,AI&DS,2,88,83,CP,0,Low Risk
STU0573,Tanveer Pandit,AI&DS,3,63,55,CP,2,High Risk
STU0574,Chandresh Manda,CSE,6,75,74,CP,0,Low Risk
STU0575,Upma Mangal,ECE,1,74,64,CP,0,Moderate Risk
STU0576,Hritik Sankar,CSE,4,48,58,CP,2,High Risk
STU0577,Aishani Pau,MECH,2,76,76,CP,0,Low Risk
STU0578,Jasmit Bath,EEE,3,75,73,CP,0,Low Risk
STU0579,Charan Hayer,EEE,5,42,69,CP,2,High Risk
STU0580,Bhavya Borah,CSE,3,82,56,CP,1,Moderate Risk
STU0581,Yamini Seshadri,CSE,8,57,55,CP,1,High Risk
STU0582,Jagat Dave,EEE,2,67,67,CP,0,Moderate Risk
STU0583,Meera Prakash,MECH,6,80,82,CP,0,Low Risk
STU0584,Jasmit Dhawan,ECE,1,78,57,CP,0,Moderate Risk
STU0585,Yashodhara Ratti,AI&DS,1,55,82,CP,0,High Risk
STU0586,Gauri Som,ECE,1,43,47,CP,0,High Risk
STU0587,Manthan Varma,EEE,3,69,44,CP,0,Moderate Risk
STU0588,Falak Nagar,ECE,3,74,36,CP,0,High Risk
STU0589,Maya Mistry,EEE,3,84,43,CP,0,Moderate Risk
STU0590,Yashica Upadhyay,MECH,1,84,67,CP,0,Moderate Risk
STU0591,Chandani Soman,ECE,5,77,54,CP,0,Moderate Risk
STU0592,Jyoti Narula,CSE,4,51,21,CP,0,High Risk
STU0593,Omaja Morar,AI&DS,6,62,89,CP,0,Moderate Risk
STU0594,Urvi Lanka,MECH,7,69,50,CP,0,Moderate Risk
STU0595,Charan Srinivasan,AI&DS,3,48,72,CP,0,High Risk
STU0596,Lajita Divan,AI&DS,5,61,23,CP,0,High Risk
STU0597,Azad Choudhary,EEE,5,85,50,CP,0,Moderate Risk
STU0598,Anirudh Sastry,AI&DS,6,87,100,CP,0,Low Risk
STU0599,Omya Doshi,EEE,5,79,70,CP,0,Low Risk
STU0600,Samar Roy,MECH,3,79,79,CP,1,Low Risk
STU0601,David Devi,EEE,6,57,76,CP,2,High Risk
STU0602,Ekta Sridhar,EEE,4,84,98,CP,0,Low Risk
STU0603,Dipta Ghose,CSE,4,80,78,CP,1,Low Risk
STU0604,Hema Pandya,ECE,8,87,68,CP,0,Moderate Risk
STU0605,Veda Handa,EEE,3,86,59,CP,0,Moderate Risk
STU0606,Arya Misra,CSE,4,85,80,CP,0,Low Risk
STU0607,Chameli Mani,ECE,4,85,50,CP,0,Moderate Risk
STU0608,Vrinda Nadig,ECE,1,55,59,CP,0,High Risk
STU0609,Ikshita Mahal,MECH,1,85,23,CP,0,High Risk
STU0610,Jairaj Raghavan,MECH,3,95,42,CP,0,Moderate Risk
STU0611,Hemani Dhingra,EEE,2,81,66,CP,0,Moderate Risk
STU0612,Brijesh Mani,CSE,1,68,54,CP,0,Moderate Risk
STU0613,Hiral Sathe,MECH,3,41,32,CP,3,High Risk
STU0614,Varenya Kala,EEE,6,72,1,CP,0,High Risk
STU0615,Anika Magar,ECE,2,86,44,CP,0,Moderate Risk
STU0616,Ikbal Khatri,AI&DS,2,44,10,CP,0,High Risk
STU0617,Chandresh Wali,AI&DS,5,63,85,CP,0,Moderate Risk
STU0618,Viraj Ben,MECH,3,55,93,CP,0,High Risk
STU0619,Odika Narayanan,ECE,6,50,79,CP,0,High Risk
STU0620,Harish Devan,CSE,3,76,9,CP,1,High Risk
STU0621,Nakul Ray,AI&DS,1,97,61,CP,0,Moderate Risk
STU0622,Vansha Iyengar,CSE,5,67,58,CP,0,Moderate Risk
STU0623,Ekani Mangal,ECE,2,78,14,CP,0,High Risk
STU0624,Gaurav Kata,AI&DS,2,75,24,CP,0,High Risk
STU0625,Parth Sahni,AI&DS,1,49,27,CP,0,High Risk
STU0626,Balhaar Ranganathan,AI&DS,2,59,67,CP,0,High Risk
STU0627,Quincy Mann,MECH,2,41,67,CP,0,High Risk
STU0628,Aditya Misra,MECH,3,33,64,CP,1,High Risk
STU0629,Gautami Mane,MECH,1,47,64,CP,0,High Risk
STU0630,Wakeeta Desai,EEE,5,69,89,CP,0,Moderate Risk
STU0631,Anjali Hans,CSE,6,86,92,CP,1,Low Risk
STU0632,Ganga Gaba,EEE,3,49,82,CP,0,High Risk
STU0633,Aarini Grewal,ECE,5,53,55,CP,3,High Risk
STU0634,Geetika Merchant,EEE,7,47,86,CP,0,High Risk
STU0635,Parth Ravi,MECH,8,60,56,CP,1,Moderate Risk
STU0636,Yutika Narang,ECE,1,78,6,CP,0,High Risk
STU0637,Nandini Chandran,CSE,3,74,95,CP,0,Moderate Risk
STU0638,Logan Sood,MECH,6,75,85,CP,0,Low Risk
STU0639,Yuvraj Ahuja,MECH,1,67,9,CP,0,High Risk
STU0640,Leela Keer,EEE,1,85,79,CP,0,Low Risk
STU0641,Amara Narayan,AI&DS,2,91,97,CP,0,Low Risk
STU0642,Advay Lal,AI&DS,1,77,52,CP,0,Moderate Risk
STU0643,Warinder Bhatia,MECH,1,83,100,CP,0,Low Risk
STU0644,Udyati Mohanty,CSE,1,89,76,CP,0,Low Risk
STU0645,Nidra Thakkar,MECH,7,45,68,CP,0,High Risk
STU0646,Jacob Merchant,EEE,1,57,73,CP,0,High Risk
STU0647,Timothy Kanda,ECE,1,68,63,CP,0,Moderate Risk
STU0648,Vanya Dua,MECH,3,49,61,CP,0,High Risk
STU0649,Kashvi Sagar,MECH,1,72,100,CP,0,Moderate Risk
STU0650,Tejas Kota,AI&DS,5,86,75,CP,3,High Risk
STU0651,Sanya Wable,EEE,7,83,91,CP,0,Low Risk
STU0652,Faras Choudhury,AI&DS,5,79,55,CP,0,Moderate Risk
STU0653,Yashasvi Jain,ECE,1,64,70,CP,0,Moderate Risk
STU0654,Nitesh Narang,AI&DS,4,78,6,CP,0,High Risk
STU0655,Jackson Jha,MECH,1,75,33,CP,0,High Risk
STU0656,Gavin Uppal,ECE,4,81,64,CP,1,Moderate Risk
STU0657,Christopher Setty,CSE,8,84,75,CP,0,Low Risk
STU0658,Yochana Sagar,AI&DS,8,51,77,CP,0,High Risk
STU0659,Dalbir Shere,AI&DS,8,84,77,CP,1,Low Risk
STU0660,Anthony Randhawa,ECE,5,54,84,CP,0,High Risk
STU0661,Aarush Kamdar,AI&DS,5,62,94,CP,4,High Risk
STU0662,Chakradev Sampath,ECE,2,92,95,CP,1,Low Risk
STU0663,Devansh Bhasin,ECE,3,78,70,CP,1,Low Risk
STU0664,Urmi Balay,AI&DS,7,78,87,CP,0,Low Risk
STU0665,Nilima Gole,AI&DS,6,78,85,CP,4,High Risk
STU0666,Osha Prasad,ECE,4,78,44,CP,1,Moderate Risk
STU0667,Saumya Purohit,AI&DS,4,73,74,CP,0,Moderate Risk
STU0668,Faris Zacharia,AI&DS,2,84,97,CP,0,Low Risk
STU0669,Ijaya Dani,MECH,1,77,26,CP,0,High Risk
STU0670,Maya Wadhwa,EEE,5,52,10,CP,0,High Risk
STU0671,Udant Aggarwal,AI&DS,1,83,38,CP,0,High Risk
STU0672,Chanchal Sheth,ECE,6,73,50,CP,0,Moderate Risk
STU0673,Ladli Karpe,CSE,8,66,91,CP,3,High Risk
STU0674,Triveni Pal,CSE,1,59,75,CP,0,High Risk
STU0675,Anya Gulati,ECE,8,78,79,CP,0,Low Risk
STU0676,Azad Saini,AI&DS,2,79,35,CP,0,High Risk
STU0677,Wridesh Jhaveri,CSE,2,54,73,CP,0,High Risk
STU0678,Harrison Bandi,EEE,4,50,69,CP,0,High Risk
STU0679,Chanakya Konda,MECH,5,52,31,CP,0,High Risk
STU0680,Neelima Sarna,AI&DS,7,61,78,CP,0,Moderate Risk
STU0681,Teerth Bhalla,EEE,4,91,77,CP,0,Low Risk
STU0682,Yahvi Mann,AI&DS,4,47,47,CP,0,High Risk
STU0683,Eiravati Nagi,EEE,3,57,77,CP,0,High Risk
STU0684,Chasmum Dhar,AI&DS,7,94,12,CP,0,High Risk
STU0685,Odika Mital,AI&DS,8,58,11,CP,0,High Risk
STU0686,Darsh Gill,CSE,3,72,57,CP,1,Moderate Risk
STU0687,Warhi Batta,EEE,4,71,70,CP,2,High Risk
STU0688,Lakshmi Vohra,ECE,3,46,38,CP,0,High Risk
STU0689,Omaja Rege,CSE,2,75,54,CP,1,Moderate Risk
STU0690,Charita Puri,ECE,4,78,94,CP,0,Low Risk
STU0691,Urvashi Khosla,CSE,6,52,71,CP,0,High Risk
STU0692,Charita Dhawan,CSE,1,82,79,CP,0,Low Risk
STU0693,Dalbir Sachar,ECE,7,67,73,CP,0,Moderate Risk
STU0694,Krish Rama,CSE,3,49,20,CP,0,High Risk
STU0695,Aadhya Jani,AI&DS,1,84,57,CP,0,Moderate Risk
STU0696,Farhan Sengupta,CSE,2,78,70,CP,1,Low Risk
STU0697,George Wason,MECH,3,83,6,CP,0,High Risk
STU0698,Charan Loyal,ECE,6,82,90,CP,3,High Risk
STU0699,Balveer Bora,ECE,2,86,92,CP,3,High Risk
STU0700,Teerth Srinivas,CSE,4,73,21,CP,0,High Risk
STU0701,Gaurangi Mitter,MECH,4,90,52,CP,0,Moderate Risk
STU0702,Siddharth Gupta,AI&DS,1,54,69,CP,0,High Risk
STU0703,Varenya Kibe,ECE,1,77,62,CP,0,Moderate Risk
STU0704,Mekhala Khatri,AI&DS,4,72,43,CP,0,Moderate Risk
STU0705,Barkha Rai,ECE,6,70,45,CP,0,Moderate Risk
STU0706,Jagrati Morar,ECE,1,75,91,CP,0,Low Risk
STU0707,Jagvi Varghese,MECH,3,75,59,CP,0,Moderate Risk
STU0708,Unnati Chaudhari,AI&DS,3,62,41,CP,0,Moderate Risk
STU0709,Ekaja Jani,ECE,6,76,52,CP,0,Moderate Risk
STU0710,Dhriti Sachdev,EEE,7,69,50,CP,0,Moderate Risk
STU0711,Timothy Dhingra,CSE,2,75,85,CP,2,High Risk
STU0712,Advika Sahni,ECE,2,86,3,CP,2,High Risk
STU0713,Michael Hayre,AI&DS,5,83,79,CP,0,Low Risk
STU0714,Victor Raghavan,CSE,4,72,96,CP,0,Moderate Risk
STU0715,Xalak Nazareth,ECE,3,57,70,CP,0,High Risk
STU0716,Vrinda Swaminathan,AI&DS,4,66,68,CP,1,Moderate Risk
STU0717,Om Pandey,AI&DS,5,80,26,CP,0,High Risk
STU0718,Logan Suresh,AI&DS,5,92,76,CP,2,High Risk
STU0719,Daniel Viswanathan,CSE,2,70,12,CP,0,High Risk
STU0720,Falan Bava,ECE,4,82,55,CP,2,High Risk
STU0721,Nitara Devan,CSE,8,62,77,CP,0,Moderate Risk
STU0722,Ekansh Dora,EEE,7,59,66,CP,0,High Risk
STU0723,Tejas Tiwari,MECH,3,76,97,CP,0,Low Risk
STU0724,Kashvi Bhasin,ECE,4,64,96,CP,1,Moderate Risk
STU0725,Vinaya Babu,AI&DS,1,86,48,CP,0,Moderate Risk
STU0726,Nisha Arora,CSE,4,60,26,CP,0,High Risk
STU0727,Anvi Wason,CSE,5,67,44,CP,0,Moderate Risk
STU0728,Anay Thakkar,MECH,4,74,74,CP,0,Moderate Risk
STU0729,Praneel Chhabra,CSE,1,74,37,CP,0,High Risk
STU0730,Manthan Khosla,CSE,7,52,26,CP,0,High Risk
STU0731,Zayyan Pandya,MECH,5,73,10,CP,3,High Risk
STU0732,Mekhala Brar,ECE,3,96,86,CP,0,Low Risk
STU0733,Nidra Sharaf,MECH,5,82,86,CP,0,Low Risk
STU0734,Upkaar Mital,AI&DS,2,79,55,CP,0,Moderate Risk
STU0735,Azad Chander,CSE,2,65,27,CP,0,High Risk
STU0736,Ladli Purohit,AI&DS,5,83,66,CP,0,Moderate Risk
STU0737,Daksh Andra,AI&DS,5,86,64,CP,0,Moderate Risk
STU0738,Fitan Tata,ECE,7,72,14,CP,0,High Risk
STU0739,Garima Chandran,EEE,7,78,56,CP,1,Moderate Risk
STU0740,Victor Kakar,MECH,3,82,99,CP,0,Low Risk
STU0741,Anika Batra,ECE,2,81,83,CP,0,Low Risk
STU0742,Avni Bali,AI&DS,3,55,61,CP,0,High Risk
STU0743,Divya Babu,CSE,4,65,51,CP,0,Moderate Risk
STU0744,Maanas Rao,CSE,1,76,58,CP,0,Moderate Risk
STU0745,Chandani Gaba,MECH,4,75,93,CP,1,Low Risk
STU0746,Lopa Zachariah,MECH,4,73,38,CP,0,High Risk
STU0747,Leena Dey,EEE,8,74,73,CP,0,Moderate Risk
STU0748,Xiti Pal,CSE,6,68,66,CP,0,Moderate Risk
STU0749,Guneet Sarkar,AI&DS,3,63,62,CP,0,Moderate Risk
STU0750,Faqid Oak,CSE,6,83,80,CP,0,Low Risk
STU0751,Eta Balan,CSE,2,65,73,CP,2,High Risk
STU0752,Shravya Swaminathan,MECH,5,71,80,CP,0,Moderate Risk
STU0753,Ishani Prashad,ECE,5,68,57,CP,0,Moderate Risk
STU0754,Quincy Rai,CSE,6,71,80,CP,0,Moderate Risk
STU0755,Chakrika Koshy,CSE,3,76,83,CP,5,High Risk
STU0756,Fitan Loyal,MECH,3,66,77,CP,0,Moderate Risk
STU0757,Lajita Dube,CSE,8,72,78,CP,2,High Risk
STU0758,Edhitha Patel,EEE,3,83,47,CP,0,Moderate Risk
STU0759,Gavin Ahluwalia,MECH,4,59,44,CP,0,High Risk
STU0760,Sai Parsa,AI&DS,2,90,89,CP,2,High Risk
STU0761,Harsh Deo,AI&DS,2,68,56,CP,1,Moderate Risk
STU0762,Rachit Sankar,EEE,8,69,79,CP,1,Moderate Risk
STU0763,Yauvani Reddy,MECH,1,45,68,CP,0,High Risk
STU0764,Atharv Chakraborty,ECE,6,67,58,CP,0,Moderate Risk
STU0765,Girik Nair,EEE,2,47,71,CP,0,High Risk
STU0766,Advik Manne,ECE,4,64,89,CP,0,Moderate Risk
STU0767,Lipika Chad,ECE,4,55,69,CP,0,High Risk
STU0768,Omkaar Rai,ECE,7,84,44,CP,0,Moderate Risk
STU0769,Liam Luthra,CSE,5,77,78,CP,3,High Risk
STU0770,Amrita Tailor,MECH,3,62,99,CP,1,Moderate Risk
STU0771,Dev Ganesh,MECH,2,80,73,CP,0,Low Risk
STU0772,Anya Sama,AI&DS,1,72,58,CP,0,Moderate Risk
STU0773,Veda Bose,CSE,4,66,66,CP,0,Moderate Risk
STU0774,Zayan Koshy,CSE,5,69,61,CP,0,Moderate Risk
STU0775,Rohan Shankar,MECH,4,63,69,CP,0,Moderate Risk
STU0776,Krishna Modi,EEE,2,69,72,CP,0,Moderate Risk
STU0777,Meghana Natarajan,MECH,2,78,53,CP,0,Moderate Risk
STU0778,Forum Sarraf,ECE,4,94,64,CP,0,Moderate Risk
STU0779,Qushi Deshpande,ECE,4,85,25,CP,0,High Risk
STU0780,Ekani Iyer,CSE,2,70,97,CP,0,Moderate Risk
STU0781,Dipta Goel,EEE,6,61,79,CP,0,Moderate Risk
STU0782,Eiravati Manne,CSE,5,44,96,CP,1,High Risk
STU0783,Xavier Nanda,CSE,3,63,58,CP,0,Moderate Risk
STU0784,Avni Ramaswamy,EEE,3,67,60,CP,0,Moderate Risk
STU0785,Ishaan Iyengar,AI&DS,5,72,90,CP,0,Moderate Risk
STU0786,Avi Shenoy,AI&DS,4,79,93,CP,0,Low Risk
STU0787,Raksha Manne,MECH,5,52,31,CP,0,High Risk
STU0788,Nilima Tata,AI&DS,4,84,6,CP,0,High Risk
STU0789,Chavvi Khurana,EEE,3,61,53,CP,0,Moderate Risk
STU0790,Mitesh Sampath,MECH,6,90,77,CP,3,High Risk
STU0791,Ethan Sen,MECH,2,85,28,CP,0,High Risk
STU0792,Nandini Warrior,CSE,2,66,36,CP,0,High Risk
STU0793,Balhaar Parsa,CSE,6,71,84,CP,0,Moderate Risk
STU0794,Ojas Basu,ECE,1,89,48,CP,0,Moderate Risk
STU0795,Garima Sani,ECE,6,68,37,CP,1,High Risk
STU0796,Advaith Chaudhari,CSE,1,64,96,CP,0,Moderate Risk
STU0797,Tristan Uppal,MECH,8,72,55,CP,0,Moderate Risk
STU0798,Sanaya Prasad,AI&DS,2,74,79,CP,0,Moderate Risk
STU0799,Ubika Tella,AI&DS,2,64,63,CP,0,Moderate Risk
STU0800,Hemani Bakshi,EEE,3,52,17,CP,1,High Risk
STU0801,Henry Merchant,ECE,3,69,16,CP,3,High Risk
STU0802,Frederick D’Alia,MECH,2,81,80,CP,0,Low Risk
STU0803,Ijaya Muni,CSE,4,55,94,CP,0,High Risk
STU0804,Tamanna Jhaveri,ECE,6,76,88,CP,0,Low Risk
STU0805,Ijaya Soni,MECH,5,71,80,CP,1,Moderate Risk
STU0806,Raksha Sethi,EEE,2,80,94,CP,0,Low Risk
STU0807,Ekalinga Mital,CSE,2,61,80,CP,0,Moderate Risk
STU0808,Ishwar Bajaj,AI&DS,4,62,38,CP,0,High Risk
STU0809,Ikbal Gala,CSE,2,50,41,CP,0,High Risk
STU0810,Zaitra Ghosh,ECE,1,57,56,CP,0,High Risk
STU0811,Ganga Sandhu,EEE,4,82,45,CP,0,Moderate Risk
STU0812,Vincent Ravel,MECH,1,69,29,CP,0,High Risk
STU0813,Quincy Sankaran,MECH,7,50,68,CP,0,High Risk
STU0814,Ayush Hora,MECH,2,97,24,CP,0,High Risk
STU0815,Pushti Ramachandran,ECE,4,77,51,CP,0,Moderate Risk
STU0816,Tanish Jha,CSE,6,72,36,CP,0,High Risk
STU0817,Dev Chaudry,ECE,3,43,64,CP,0,High Risk
STU0818,Jasmit Nanda,MECH,3,53,44,CP,0,High Risk
STU0819,Tanvi Comar,ECE,1,41,76,CP,0,High Risk
STU0820,Vrishti Wable,AI&DS,1,81,56,CP,0,Moderate Risk
STU0821,Lipika Ramanathan,CSE,5,63,82,CP,0,Moderate Risk
STU0822,Ijaya Pandey,ECE,5,82,28,CP,0,High Risk
STU0823,Orinder Mishra,AI&DS,6,80,95,CP,0,Low Risk
STU0824,Krish Munshi,CSE,5,64,22,CP,0,High Risk
STU0825,William Mody,MECH,4,72,79,CP,0,Moderate Risk
STU0826,Qadim Prakash,EEE,3,69,100,CP,2,High Risk
STU0827,Yasti Rama,AI&DS,2,72,49,CP,0,Moderate Risk
STU0828,Lakshit Rajagopal,MECH,1,76,46,CP,0,Moderate Risk
STU0829,Quincy Sur,CSE,5,64,71,CP,0,Moderate Risk
STU0830,Ojas Suri,AI&DS,6,55,78,CP,0,High Risk
STU0831,Logan Grover,EEE,3,76,37,CP,0,High Risk
STU0832,Shravya Bera,CSE,7,50,87,CP,0,High Risk
STU0833,Aditya Sundaram,ECE,1,73,96,CP,0,Moderate Risk
STU0834,Robert Rajagopalan,AI&DS,5,74,8,CP,0,High Risk
STU0835,Nilima Swamy,CSE,1,88,63,CP,0,Moderate Risk
STU0836,Sachi Suresh,MECH,6,44,74,CP,1,High Risk
STU0837,Fitan Balasubramanian,CSE,7,59,3,CP,1,High Risk
STU0838,Brinda Bali,CSE,8,92,28,CP,0,High Risk
STU0839,Umang Yogi,ECE,2,76,66,CP,0,Moderate Risk
STU0840,Om Shankar,AI&DS,3,48,72,CP,0,High Risk
STU0841,Yasti Chowdhury,MECH,7,53,33,CP,0,High Risk
STU0842,Amrita Peri,ECE,4,74,91,CP,0,Moderate Risk
STU0843,Ridhi Kamdar,EEE,7,67,71,CP,0,Moderate Risk
STU0844,Harsh Kota,AI&DS,4,65,69,CP,0,Moderate Risk
STU0845,Bachittar Sengupta,MECH,3,66,70,CP,0,Moderate Risk
STU0846,Ijaya Chahal,AI&DS,1,87,8,CP,0,High Risk
STU0847,Jacob Khalsa,ECE,7,38,89,CP,2,High Risk
STU0848,Indali Sangha,AI&DS,4,89,22,CP,0,High Risk
STU0849,Liam Jhaveri,ECE,1,65,68,CP,0,Moderate Risk
STU0850,Daniel Panchal,EEE,6,47,47,CP,0,High Risk
STU0851,Om Naik,EEE,6,54,99,CP,1,High Risk
STU0852,Bimala Loke,CSE,5,61,79,CP,0,Moderate Risk
STU0853,Krishna Sabharwal,CSE,8,63,94,CP,0,Moderate Risk
STU0854,Aradhana Date,CSE,7,57,80,CP,2,High Risk
STU0855,Zaid Dhingra,MECH,1,71,59,CP,0,Moderate Risk
STU0856,Yug Ramaswamy,ECE,3,78,33,CP,4,High Risk
STU0857,Lucky Luthra,AI&DS,4,47,53,CP,0,High Risk
STU0858,Keya Seth,EEE,1,73,13,CP,0,High Risk
STU0859,Girik Rau,EEE,1,71,65,CP,0,Moderate Risk
STU0860,Jyoti Sha,ECE,4,55,59,CP,0,High Risk
STU0861,Falak Agate,AI&DS,8,71,49,CP,1,Moderate Risk
STU0862,Tara Parmar,EEE,5,73,34,CP,0,High Risk
STU0863,Mitali Kamdar,EEE,2,64,70,CP,0,Moderate Risk
STU0864,Siddharth Talwar,EEE,5,96,45,CP,0,Moderate Risk
STU0865,Ekantika Mander,ECE,2,65,63,CP,0,Moderate Risk
STU0866,Kalpit Sundaram,CSE,2,75,30,CP,0,High Risk
STU0867,Chanakya Batra,CSE,2,69,58,CP,0,Moderate Risk
STU0868,Tripti Babu,AI&DS,4,59,65,CP,0,High Risk
STU0869,Nakul Sastry,CSE,3,87,69,CP,0,Moderate Risk
STU0870,Aadi Sangha,EEE,2,78,55,CP,0,Moderate Risk
STU0871,Kevin Mittal,CSE,1,77,72,CP,0,Low Risk
STU0872,Anusha Chander,CSE,1,85,68,CP,0,Moderate Risk
STU0873,Zashil Butala,MECH,4,78,96,CP,1,Low Risk
STU0874,Noah Ben,AI&DS,1,55,98,CP,0,High Risk
STU0875,Dalaja Kaur,CSE,1,89,56,CP,0,Moderate Risk
STU0876,Gavin Chandran,MECH,6,37,72,CP,0,High Risk
STU0877,Tanay Sood,ECE,8,94,42,CP,0,Moderate Risk
STU0878,Kevin Kara,MECH,7,83,18,CP,3,High Risk
STU0879,Aditya Anand,ECE,1,87,63,CP,0,Moderate Risk
STU0880,Jai Sami,MECH,4,77,88,CP,0,Low Risk
STU0881,Vanya Bobal,AI&DS,1,93,91,CP,0,Low Risk
STU0882,Leela Chakraborty,MECH,4,56,38,CP,0,High Risk
STU0883,Harshil Munshi,ECE,7,62,77,CP,2,High Risk
STU0884,Chandani Devan,MECH,8,93,39,CP,2,High Risk
STU0885,Kiaan Dhar,EEE,1,72,66,CP,0,Moderate Risk
STU0886,Abhiram Gala,EEE,7,52,11,CP,2,High Risk
STU0887,Indali Kala,MECH,8,61,69,CP,0,Moderate Risk
STU0888,Nisha Savant,ECE,1,54,80,CP,0,High Risk
STU0889,Gabriel Chaudhry,AI&DS,2,73,48,CP,0,Moderate Risk
STU0890,Jatin Rajagopalan,CSE,3,78,77,CP,1,Low Risk
STU0891,Pushti Murty,MECH,6,65,96,CP,0,Moderate Risk
STU0892,Yug Malhotra,ECE,2,40,61,CP,2,High Risk
STU0893,Yuvraj Mane,MECH,2,77,47,CP,0,Moderate Risk
STU0894,Charvi Jha,MECH,7,70,55,CP,2,High Risk
STU0895,Manya Merchant,MECH,3,41,73,CP,0,High Risk
STU0896,Wriddhish Talwar,MECH,5,80,77,CP,0,Low Risk
STU0897,Isaiah Khosla,CSE,4,68,82,CP,2,High Risk
STU0898,Ekavir Wable,ECE,4,66,78,CP,0,Moderate Risk
STU0899,Jalsa Nadig,CSE,2,68,90,CP,0,Moderate Risk
STU0900,Lila Salvi,MECH,2,88,65,CP,0,Moderate Risk
STU0901,Orinder Sinha,MECH,1,71,39,CP,0,High Risk
STU0902,Anay Bir,AI&DS,1,67,66,CP,0,Moderate Risk
STU0903,Adweta Kale,MECH,5,78,55,CP,0,Moderate Risk
STU0904,Darpan Rao,EEE,5,88,64,CP,0,Moderate Risk
STU0905,Yachana Sagar,MECH,5,46,77,CP,0,High Risk
STU0906,Neelima Butala,ECE,3,65,71,CP,0,Moderate Risk
STU0907,Arunima Chacko,ECE,2,52,62,CP,0,High Risk
STU0908,Farhan Vaidya,EEE,6,92,46,CP,0,Moderate Risk
STU0909,Nachiket Yadav,ECE,8,33,61,CP,0,High Risk
STU0910,Mahika Bhatti,MECH,4,34,88,CP,0,High Risk
STU0911,Rajeshri Khare,MECH,3,68,61,CP,0,Moderate Risk
STU0912,Yash Chadha,AI&DS,2,75,87,CP,0,Low Risk
STU0913,Jack Setty,ECE,1,64,22,CP,0,High Risk
STU0914,Dayamai Gill,AI&DS,7,61,82,CP,0,Moderate Risk
STU0915,Advik Devan,ECE,2,60,80,CP,0,Moderate Risk
STU0916,Nihal Taneja,AI&DS,2,69,62,CP,0,Moderate Risk
STU0917,Zansi Lad,EEE,3,87,94,CP,1,Low Risk
STU0918,Kamya Date,CSE,2,51,69,CP,0,High Risk
STU0919,Jacob Balan,MECH,4,78,64,CP,0,Moderate Risk
STU0920,Pushti Magar,AI&DS,8,70,70,CP,0,Moderate Risk
STU0921,Adya Bose,EEE,2,73,65,CP,0,Moderate Risk
STU0922,Tamanna Vaidya,MECH,4,76,66,CP,2,High Risk
STU0923,Christopher Tata,ECE,5,94,1,CP,0,High Risk
STU0924,Jhalak Dugar,CSE,6,56,74,CP,0,High Risk
STU0925,Harshil D’Alia,EEE,3,82,47,CP,0,Moderate Risk
STU0926,Yashodhara Agate,EEE,6,62,71,CP,1,Moderate Risk
STU0927,Advik Konda,CSE,5,63,80,CP,3,High Risk
STU0928,Urmi Patla,ECE,2,84,96,CP,2,High Risk
STU0929,Mason Gola,CSE,5,70,78,CP,2,High Risk
STU0930,Oni Kapur,MECH,6,67,77,CP,0,Moderate Risk
STU0931,Yuvraj Saha,EEE,4,37,71,CP,1,High Risk
STU0932,Anika Brahmbhatt,EEE,1,52,91,CP,0,High Risk
STU0933,Jagdish Thakkar,MECH,5,84,73,CP,0,Low Risk
STU0934,Praneel Kapoor,CSE,7,80,71,CP,0,Low Risk
STU0935,Nandini Biswas,EEE,3,70,55,CP,1,Moderate Risk
STU0936,Barkha Mukhopadhyay,EEE,2,61,22,CP,1,High Risk
STU0937,Gabriel Shan,CSE,3,39,77,CP,0,High Risk
STU0938,Jyoti Iyer,EEE,8,79,71,CP,0,Low Risk
STU0939,Daksha Kibe,CSE,6,90,65,CP,0,Moderate Risk
STU0940,Jyoti Tak,CSE,4,79,61,CP,0,Moderate Risk
STU0941,Yatan Dora,CSE,5,74,35,CP,2,High Risk
STU0942,Nimrat Bajwa,CSE,4,77,59,CP,1,Moderate Risk
STU0943,Hiral Andra,ECE,3,55,51,CP,1,High Risk
STU0944,Aarav Puri,CSE,2,53,40,CP,0,High Risk
STU0945,Hemang Jha,CSE,2,64,45,CP,3,High Risk
STU0946,Oni Swamy,EEE,4,53,51,CP,0,High Risk
STU0947,Lucky Mammen,CSE,1,69,64,CP,0,Moderate Risk
STU0948,Caleb Kata,MECH,1,67,40,CP,0,Moderate Risk
STU0949,Kashish Shanker,AI&DS,5,78,52,CP,0,Moderate Risk
STU0950,Girish Tiwari,ECE,6,77,75,CP,0,Low Risk
STU0951,Meera Borde,CSE,6,88,75,CP,0,Low Risk
STU0952,Radhika De,MECH,4,91,40,CP,0,Moderate Risk
STU0953,Bishakha Lal,EEE,3,78,71,CP,0,Low Risk
STU0954,Maya Narain,CSE,1,49,66,CP,0,High Risk
STU0955,Sneha Magar,EEE,6,75,24,CP,0,High Risk
STU0956,Falan Jain,CSE,3,76,78,CP,0,Low Risk
STU0957,Ikbal Dugal,AI&DS,3,75,76,CP,0,Low Risk
STU0958,Nitesh Sengupta,EEE,2,78,54,CP,0,Moderate Risk
STU0959,Dipta Ray,EEE,4,58,63,CP,0,High Risk
STU0960,Ishita Johal,AI&DS,7,49,71,CP,0,High Risk
STU0961,Darika Sheth,MECH,2,91,4,CP,0,High Risk
STU0962,Jagdish Chana,AI&DS,6,65,62,CP,0,Moderate Risk
STU0963,Daksha Baria,ECE,7,87,61,CP,1,Moderate Risk
STU0964,Falak Divan,ECE,3,61,75,CP,0,Moderate Risk
STU0965,Yuvraj Parekh,EEE,2,82,74,CP,0,Low Risk
STU0966,Yochana Bawa,EEE,8,74,77,CP,0,Moderate Risk
STU0967,Abha Ghosh,ECE,7,44,82,CP,0,High Risk
STU0968,Nidhi Sethi,AI&DS,6,64,81,CP,0,Moderate Risk
STU0969,Girindra Shere,AI&DS,3,62,53,CP,0,Moderate Risk
STU0970,Logan Dara,ECE,5,69,33,CP,1,High Risk
STU0971,David Kapadia,EEE,7,52,85,CP,0,High Risk
STU0972,Rudra Rattan,CSE,5,51,94,CP,4,High Risk
STU0973,Frado Lad,ECE,1,76,55,CP,0,Moderate Risk
STU0974,Anthony Bhattacharyya,AI&DS,8,75,74,CP,0,Low Risk
STU0975,Sachi Dave,MECH,3,57,41,CP,0,High Risk
STU0976,Garima Das,ECE,6,60,99,CP,0,Moderate Risk
STU0977,Triya Bedi,CSE,4,78,36,CP,3,High Risk
STU0978,Rachita Rana,CSE,1,79,89,CP,0,Low Risk
STU0979,Ayushman Raja,MECH,4,71,68,CP,0,Moderate Risk
STU0980,Orinder Pandya,CSE,5,72,80,CP,0,Moderate Risk
STU0981,Rachit Maharaj,EEE,4,36,76,CP,0,High Risk
STU0982,Sanaya Dixit,EEE,3,92,70,CP,0,Low Risk
STU0983,Yatan Merchant,AI&DS,6,79,62,CP,0,Moderate Risk
STU0984,Nisha Srinivas,AI&DS,2,43,100,CP,0,High Risk
STU0985,Gagan Mammen,MECH,1,71,89,CP,0,Moderate Risk
STU0986,Laksh Saini,EEE,1,60,81,CP,0,Moderate Risk
STU0987,Zaid Bahl,CSE,5,88,75,CP,0,Low Risk
STU0988,Jagrati Srinivasan,ECE,2,78,77,CP,1,Low Risk
STU0989,Hemangini Thakkar,EEE,8,92,65,CP,1,Moderate Risk
STU0990,Lipika Madan,MECH,6,58,46,CP,0,High Risk
STU0991,Atharv Nagar,EEE,1,59,82,CP,0,High Risk
STU0992,Ayushman Mand,ECE,4,70,78,CP,0,Moderate Risk
STU0993,Urmi Wagle,MECH,4,52,81,CP,0,High Risk
STU0994,Viraj Dutta,MECH,3,62,62,CP,0,Moderate Risk
STU0995,Yug Khosla,AI&DS,5,91,49,CP,0,Moderate Risk
STU0996,Daksh Kanda,EEE,6,59,75,CP,1,High Risk
STU0997,Isha Ghose,ECE,6,74,31,CP,0,High Risk
STU0998,Warjas Nadkarni,ECE,3,35,3,CP,0,High Risk
STU0999,Ayaan Pandey,CSE,4,77,50,CP,0,Moderate Risk
STU1000,Raghav Tailor,CSE,1,47,87,CP,0,High Risk
